"Margherita","Margherita"
"Stromboli","Stromboli"
"Napoli","Napoli"
"Prosciutto","Prosciutto"
"Funghi","Funghi"
"Prosciutto e funghi","Prosciutto e funghi"
"Quattro stagioni","Quattro stagioni"
"Rustica","Rustica"
"Salame","Salame"
"Piccante","Piccante"
"Gamberetti","Gamberetti"
"Tonno","Tonno"
"Frutti di mare","Frutti di mare"
"Gorgonzola","Gorgonzola"
"Quattro formaggi","Quattro formaggi"
"Porcini","Porcini"
"Giardino","Giardino"
"Verde","Verde"
"Rucola","Rucola"
"Calzone","Calzone"
"Hawaii","Hawaii"
"Padrone","Padrone"
"Salami","Salami"
